pk,name,website
1,Raymond Entertainment,http://raymondeg.com/
2,AvantGarb,http://www.avantgarb.com/
3,Sugars,https://www.sugarsmascotcostumes.com/
4,Street Characters,http://www.mascots.com/
5,Maydwell Mascots,https://maydwellblog.com/
6,AMAZING!! Mascots,https://www.amazing-mascots.com
7,Costume Specialists,https://costumespecialists.com/
8,Mascot Makers,https://mascotmakers.com/
9,KCL Productions,http://kclproductions.com/
10,Loonie Times,https://www.loonietimes.com/
11,Bam Mascots,https://www.bammascots.com/
12,ProMo Costumes,http://promocostumes.com/
13,Aardvark Mascots,http://www.aardvarkmascots.com
14,International,https://www.internationalmascot.com
15,Rasta Pasta,
16,Carol Flemming Costume Design,http://carolflemming.com/
17,The Mascot Company,https://www.themascotcompany.com/
18,Scollon Productions,https://www.scollonmascots.com/
19,Olympus Group,https://www.olympusgrp.com/
20,"Cowan Costumes, Inc.",https://www.cowancostumes.com/
21,South Bend Seamstress,http://www.southbendseamstress.com/
22,Custom Characters Inc,"https://www.customcharacters.com/component/option,com_frontpage/Itemid,1/"
23,Grey Seal Puppets,https://www.greysealpuppets.com/
24,Alinco,http://www.alincocostumes.com/
25,VStar Entertainment,https://www.vstarentertainment.com/
26,Fiberworks,http://fiberworks.us/index.htm
28,The Mascot MD - Janie Marconi,http://www.themascotmd.com/
29,Mascot Factory,https://www.mascotfactory.com/
30,Pierre's,
31,American Flag Company,
32,Brand Animations,
